id,first_name,last_name,email,company,ip_address
1,Alfonse,Kem,akem0@imgur.com,Kanoodle,196.60.202.32
2,Laurent,Shewring,lshewring1@webeden.co.uk,Jatri,214.173.69.116
3,Maire,Halegarth,mhalegarth2@umich.edu,Jabberbean,44.129.195.166
4,Bard,O'Hagerty,bohagerty3@hc360.com,Omba,206.240.181.157
5,Juliette,Buessen,jbuessen4@uol.com.br,Brightbean,243.144.101.201
6,Isiahi,Mowen,imowen5@miibeian.gov.cn,Abatz,6.24.205.48
7,Andreas,Fenna,afenna6@pen.io,Photofeed,248.6.205.36
8,Ame,Guyer,aguyer7@cbc.ca,Devcast,36.228.26.146
9,Sheri,Pears,spears8@barnesandnoble.com,Divanoodle,214.99.111.152
10,Germaine,Rabbe,grabbe9@weather.com,Leexo,31.220.77.51
